id,title
1,Trump Is Right to Question the Paris Climate Deal â€” Here's Why
2,The March for Science Is Really a March for the Climate Change Political Agenda
3,Why Pulling Out of the Paris Climate Agreement Would Be a Win for American Workers
4,The Scientists Marching Today Receive Millions in Climate Change Government Grants
5,How the Climate Change Lobby Hijacked Earth Day Into a Political Rally
6,Scott Pruitt Is Right: Unelected Bureaucrats Should Not Set America's Climate Policy
7,The Paris Climate Agreement Was Never About the Environment â€” It Was About Power
8,Why America's Climate Commitments Are Unfair to U.S. Workers and Businesses
9,Global Warming Alarmism Has Infected Our Schools â€” and Parents Should Be Concerned
10,The Climate Scientists Who Disagree With the Consensus and Why You Never Hear From Them
11,How Abandoning the Paris Climate Deal Could Unleash an American Energy Renaissance
12,The March for Science Is a Partisan Climate Protest in a Lab Coat
13,Why Rolling Back Obama's Climate Regulations Is Good for the American Economy
14,The Climate Emergency That Wasn't: Looking Back at 20 Years of Failed Predictions
15,How China and India Use Climate Change Agreements to Gain Economic Advantage Over the U.S.
16,Trump's Energy Plan Will Create More Jobs Than Any Climate Action Scheme
17,The Climate Change Consensus Is Manufactured â€” and Here's the Evidence
18,"Why the EPA Needed Reform, Not a Climate Change Crusade"
19,The Billions Saved by Withdrawing From the Paris Climate Agreement
20,How Climate Alarmism Has Become a Religion That Tolerates No Dissent
21,Earth Day 2017: Environmentalism Without the Left's Climate Crisis Hysteria
22,The Climate Marchers Who Want to Raise Your Energy Costs in the Name of Science
23,Why American Farmers Are Skeptical of the Climate Change Agenda
24,How the Clean Power Plan's Repeal Will Save Rural Americans Thousands of Dollars
25,The Real Story Behind Today's March for Science: Follow the Climate Money
26,"Why Global Warming Policy Should Be Made by Congress, Not the EPA"
27,The Climate Action Agenda That Would Eliminate Millions of Manufacturing Jobs
28,How Trump's Energy Dominance Strategy Beats the Paris Climate Deal for American Prosperity
29,The Climate Change Regulations That Were Quietly Strangling Small Businesses
30,Why the Science of Climate Change Is More Uncertain Than the Media Tells You
31,The March for Science Is Organized by Climate Activists â€” Not Neutral Researchers
32,How the Paris Climate Agreement Transfers Wealth From American Taxpayers to the UN
33,Why Restoring American Energy Production Is the Real Climate Story Nobody Covers
34,The Climate Crisis Narrative Has Been Used to Justify Economy-Killing Regulations
35,How Democrats Used Climate Change as an Excuse to Expand Government Power
36,The Scientists Who Question Global Warming Models Are Not Fringe â€” They Deserve a Hearing
37,Why Natural Gas Is the Real Climate Solution That Environmentalists Refuse to Accept
38,The Climate Policy Agenda Would Cost Every American Household Thousands per Year
39,How Trump Is Reversing Eight Years of Climate Regulatory Overreach
40,The Mainstream Media's Climate Change Coverage Leaves Out the Skeptics
41,Why Today's March for Science Is Tomorrow's Climate Tax on Working Americans
42,The Coal Miners Who Have a Different View of the Climate Emergency Than the Marchers
43,How Climate Change Advocacy Has Made American Energy Policy Less Rational
44,The Global Warming Agenda's War on Affordable Energy for Low-Income Americans
45,Why Pruitt's EPA Reset Is a Victory for Federalism Over Climate Bureaucracy
46,The Climate Models That Predicted Catastrophe 10 Years Ago Were Wrong â€” Again
47,How Withdrawing From the Paris Climate Deal Protects American Sovereignty
48,The Climate Action Bureaucracy That Has Been Regulating American Industry Into Decline
49,Why the Climate Change Movement Has More to Do With Politics Than Science
50,The Forgotten Americans: How Climate Regulations Destroyed Appalachian Communities
51,How Trump's Deregulation Agenda Can Revive the Industries Climate Rules Were Killing
52,The Climate March Organizers Who Want to Shut Down American Oil and Gas
53,Why American Energy Abundance Is a Better Climate Answer Than the Paris Agreement
54,The Climate Emergency Activists Who Flew Private Jets to Today's March
55,How Questioning Climate Change Became a Thought Crime in American Universities
56,"The Case for Exiting the Paris Climate Agreement â€” Made by Economists, Not Ideologues"
57,Why Global Warming Policy Must Account for the Cost to American Families First
58,The Climate Alarmists Using Earth Day to Push a Government Takeover of Energy
59,How Rolling Back Climate Regulations Is Already Bringing Jobs Back to the Rust Belt
60,Earth Day 2017: Why the Climate Change Debate Deserves More Honesty and Less Hysteria
